CVE-ID,MITRE Assign Date,ZDI Published Date,Severity Score,CVE Description,ZDI Description,OG Label,New Label,In ZDI
cve-2015-0235,2014-11-18,,0.0,heap-bas buffer overflow __nss_hostname_digits_dot function glibc 2.2 2.x version 2.18 allow context-depend attack execut arbitrari code via vector relat 1 gethostbynam 2 gethostbyname2 function aka `` ghost '',,t,t,f
cve-2015-0779,2015-01-07,,0.0,directori travers vulner uploadservlet novel zenwork configur manag zcm 10 11 11.3.2 allow remot attack execut arbitrari code via craft directori name uid paramet conjunct war filenam filenam paramet war content post data differ vulner cve-2010-5323 cve-2010-5324,,t,t,f
cve-2015-0925,2015-01-10,,0.0,the client ipass open mobil 2.4.5 window allow remot authent user execut arbitrari code via dll pathnam craft unicod string improperli handl subprocess reach name pipe demonstr unc share pathnam,,t,t,f
cve-2015-1318,2015-01-22,,0.0,the crash report featur apport 2.13 2.17.x 2.17.1 allow local user gain privileg via craft usr/share/apport/apport file namespac contain,,t,t,f
cve-2015-1427,2015-01-31,,0.0,the groovi script engin elasticsearch 1.3.8 1.4.x 1.4.3 allow remot attack bypass sandbox protect mechan execut arbitrari shell command via craft script,,t,t,f
cve-2015-1497,2015-02-05,2015-02-10,10.0,radexecd.ex persist system radia client autom rca 7.9 8.1 9.0 9.1 allow remot attack execut arbitrari command via craft request tcp port 3465,thi vulner allow remot attack execut arbitrari code vulner instal persist system client autom authent requir exploit vulnerability.th flaw exist within radexecd.ex compon listen default tcp port 3465 when handl remot execut request process properli authent user issu request the command execut also properli sanit A remot attack exploit vulner execut arbitrari code context system thi vulner differ zdi-11-105,t,t,t
cve-2015-1486,2015-02-05,,0.0,the manag consol symantec endpoint protect manag sepm 12.1 12.1-ru6-mp1 allow remot attack bypass authent via craft password-reset action trigger new administr session,,t,t,f
cve-2015-1830,2015-02-17,2015-08-31,7.5,directori travers vulner fileserv upload/download function blob messag apach activemq 5.x 5.11.2 window allow remot attack creat jsp file arbitrari directori via unspecifi vector,thi vulner allow remot attack execut arbitrari code vulner instal apach activemq authent requir exploit vulnerability.th specif flaw exist within activemq fileserv web applic By issu special craft request attack creat arbitrari file server attack control data An attack leverag vulner execut code context user,t,t,t
cve-2015-2281,2015-03-10,,0.0,stack-bas buffer overflow collectoragent.ex fortinet singl sign On fsso build 164 allow remot attack execut arbitrari code via larg process_hello messag messag dispatch tcp port 8000,,t,t,f
cve-2015-2284,2015-03-11,2015-03-13,10.0,userlogin.jsp solarwind firewal secur manag fsm 6.6.5 hotfix1 allow remot attack gain privileg execut arbitrari code via unspecifi vector relat client session handl,thi vulner allow remot attack execut arbitrari code vulner instal solarwind firewal secur manag authent requir exploit vulnerability.th specif flaw exist within handl client session the issu lie abil elev administr privileg An attack leverag vulner execut code context system,t,t,t
cve-2015-2342,2015-03-18,2015-10-02,10.0,the jmx rmi servic vmware vcenter server 5.0 u3e 5.1 u3b 5.5 u3 6.0 u1 restrict registr mbean allow remot attack execut arbitrari code via rmi protocol,thi vulner allow remot attack execut arbitrari code vulner instal vmware vcenter server authent requir exploit vulnerability.th specif flaw exist configur jmx remot interfac thi interfac allow remot attack regist attacker-control mbean thi vulner leverag attack gain remot code execut context system,t,t,t
cve-2015-2794,2015-03-30,,0.0,the instal wizard dotnetnuk dnn 7.4.1 allow remot attack reinstal applic gain superus access via direct request install/installwizard.aspx,,t,t,f
cve-2015-2797,2015-03-30,,0.0,stack-bas buffer overflow airti air 6372 5760 5750 5650tt 5453 5444tt 5443 5442 5343 5342 5341 5021 dsl modem firmwar 1.2.0 earlier allow remot attack execut arbitrari code via long string redirect paramet cgi-bin/login,,t,t,f
cve-2015-2824,2015-04-01,,0.0,multipl sql inject vulner simpl ad manag plugin 2.7.97 wordpress allow remot attack execut arbitrari sql command via 1 hit paramet sam_hit action sam-ajax.php 2 cstr paramet load_post action sam-ajax-admin.php 3 searchterm paramet load_combo_data action sam-ajax-admin.php 4 subscrib 5 contributor 6 author 7 editor 8 admin 9 sadmin paramet load_us action sam-ajax-admin.php,,t,t,f
cve-2015-2995,2015-04-07,,0.0,the rdslogsentri servlet sysaid help desk 15.2 properli check file extens allow remot attack upload execut arbitrari file via null byte extens demonstr .war 00 file,,t,t,f
cve-2015-3214,2015-04-10,,0.0,the pit_ioport_read i8254.c linux kernel 2.6.33 qemu 2.3.1 distinguish read length write length might allow guest OS user execut arbitrari code host OS trigger use invalid index,,t,t,f
cve-2015-3202,2015-04-10,,0.0,fusermount fuse 2.9.3-15 properli clear environ invok 1 mount 2 umount root allow local user write arbitrari file via craft libmount_mtab environ variabl use mount 's debug featur,,t,t,f
cve-2015-3306,2015-04-15,,0.0,the mod_copi modul proftpd 1.3.5 allow remot attack read write arbitrari file via site cpfr site cpto command,,t,t,f
cve-2015-3897,2015-05-12,,0.0,directori travers vulner bonita bpm portal 6.5.3 allow remot attack read arbitrari file via .. dot dot theme paramet file path locat paramet bonita/portal/themeresourc,,t,t,f
cve-2015-4414,2015-06-07,,0.0,directori travers vulner download_audio.php SE html5 album audio player se-html5-album-audio-play plugin 1.1 earlier wordpress allow remot attack read arbitrari file via .. dot dot file paramet,,t,t,f
cve-2015-4624,2015-06-16,,0.0,hak5 wifi pineappl 2.0 2.3 use predict csrf token,,t,t,f
cve-2015-5065,2015-06-24,,0.0,absolut path travers vulner proxy.php googl currenc lookup paypal currenc convert basic for woocommerc plugin 1.4 wordpress allow remot attack read arbitrari file via full pathnam requrl paramet,,t,t,f
cve-2015-5082,2015-06-26,,0.0,endian firewal 3.0 allow remot attack execut arbitrari command via shell metacharact 1 new_password_1 2 new_password_2 paramet cgi-bin/chpasswd.cgi,,t,t,f
cve-2015-5287,2015-07-01,,0.0,the abrt-hook-ccpp help program automat bug report tool abrt 2.7.1 allow local user certain permiss gain privileg via symlink attack file predict name demonstr /var/tmp/abrt/abrt-hax-coredump /var/spool/abrt/abrt-hax-coredump,,t,t,f
cve-2015-5273,2015-07-01,,0.0,the abrt-action-install-debuginfo-to-abrt-cach help program automat bug report tool abrt 2.7.1 allow local user write arbitrari file via symlink attack unpacked.cpio pre-creat directori predict name /var/tmp,,t,t,f
cve-2015-5452,2015-07-08,,0.0,sql inject vulner watchguard xc 9.2 10.0 build 150522 allow remot attack execut arbitrari sql command via sid cooki demonstr request borderpost/imp/compose.php3,,t,t,f
cve-2015-5603,2015-07-20,,0.0,the hipchat jira plugin 6.30.0 atlassian jira allow remot authent user execut arbitrari java code via unspecifi vector relat `` veloc templat inject vulner '',,t,t,f
cve-2015-7007,2015-09-16,,0.0,script editor appl OS X 10.11.1 allow remot attack bypass intend user-confirm requir applescript execut via unspecifi vector,,t,t,f
cve-2015-7243,2015-09-18,,0.0,buffer overflow boxoft wav mp3 convert allow remot attack caus denial servic crash possibl execut arbitrari code via craft wav file,,t,t,f
cve-2015-7387,2015-09-28,,0.0,zoho manageengin eventlog analyz 10.6 build 10060 earlier allow remot attack bypass intend restrict execut arbitrari sql command via allow queri follow disallow one queri paramet event/runquery.do demonstr `` select 1 insert into '' fix build 11200,,t,t,f
cve-2015-7709,2015-10-05,,0.0,the arkeiad daemon arkeia backup agent western digit arkeia 11.0.12 earlier allow remot attack bypass authent execut arbitrari command via seri craft request involv arkfs_exec_cmd oper,,t,t,f
cve-2015-7897,2015-10-22,,0.0,the media scan function face recognit librari android.media.process samsung galaxi S6 edg g925vvru4b0g9 allow remot attack gain privileg caus denial servic memori corrupt via craft bmp imag file,,t,t,f
cve-2015-7893,2015-10-22,,0.0,secemailui samsung galaxi S6 sanit html email content allow remot attack execut arbitrari javascript,,t,t,f
cve-2015-8103,2015-11-09,,0.0,the jenkin cli subsystem jenkin 1.638 lt 1.625.2 allow remot attack execut arbitrari code via craft serial java object relat problemat webapps/root/web-inf/lib/commons-collections- .jar file `` groovi variant 'ysoseri '',,t,t,f
cve-2015-8309,2015-11-20,,0.0,directori travers vulner cherri music 0.36.0 allow remot authent user read arbitrari file via `` valu '' paramet `` download '',,t,t,f
cve-2016-0793,2015-12-16,,0.0,incomplet blacklist vulner servlet filter restrict mechan wildfli formerli jboss applic server 10.0.final window allow remot attack read sensit file 1 web-inf 2 meta-inf directori via request contain lowercas b `` meaningless '' charact,,t,t,f
cve-2016-0954,2015-12-22,,0.0,adob digit edit 4.5.1 allow attack execut arbitrari code caus denial servic memori corrupt via unspecifi vector,,t,t,f
cve-2016-0956,2015-12-22,,0.0,the servlet post compon 2.3.6 apach sling use adob experi manag 5.6.1 6.0 6.1 allow remot attack obtain sensit inform via unspecifi vector,,t,t,f
cve-2015-8664,2015-12-23,,0.0,integ overflow webcursor :deseri function content/common/cursors/webcursor.cc googl chrome 47.0.2526.106 allow remot attack caus denial servic possibl unspecifi impact via rgba pixel array craft dimens differ vulner cve-2015-6792,,t,t,f
cve-2016-1240,2015-12-27,,0.0,the tomcat init script tomcat7 packag 7.0.56-3+deb8u4 tomcat8 packag 8.0.14-1+deb8u3 debian jessi tomcat6 libtomcat6-java packag 6.0.35-1ubuntu3.8 ubuntu 12.04 lt tomcat7 libtomcat7-java packag 7.0.52-1ubuntu0.7 ubuntu 14.04 lt tomcat8 libtomcat8-java packag 8.0.32-1ubuntu1.2 ubuntu 16.04 lt allow local user access tomcat account gain root privileg via symlink attack catalina log file demonstr /var/log/tomcat7/catalina.out,,t,t,f
cve-2016-1287,2016-01-04,,0.0,buffer overflow ikev1 ikev2 implement cisco asa softwar 8.4 7.30 8.7 8.7 1.18 9.0 9.0 4.38 9.1 9.1 7 9.2 9.2 4.5 9.3 9.3 3.7 9.4 9.4 2.4 9.5 9.5 2.2 asa 5500 devic asa 5500-x devic asa servic modul cisco catalyst 6500 cisco 7600 devic asa 1000v devic adapt secur virtual applianc aka asav firepow 9300 asa secur modul isa 3000 devic allow remot attack execut arbitrari code caus denial servic devic reload via craft udp packet aka bug id cscux29978 cscux42019,,t,t,f
cve-2016-1525,2016-01-07,,0.0,directori travers vulner data/config/image.do netgear manag system nms300 1.5.0.11 earlier allow remot authent user read arbitrari file via .. dot dot realnam paramet,,t,t,f
cve-2016-1531,2016-01-07,,0.0,exim 4.86.2 instal setuid root allow local user gain privileg via perl_startup argument,,t,t,f
cve-2016-1583,2016-01-12,,0.0,the ecryptfs_privileged_open function fs/ecryptfs/kthread.c linux kernel 4.6.3 allow local user gain privileg caus denial servic stack memori consumpt via vector involv craft mmap call /proc pathnam lead recurs pagefault handl,,t,t,f
cve-2016-1807,2016-01-13,,0.0,race condit disk imag subsystem appl io 9.3.2 OS X 10.11.5 tvo 9.2.1 watcho 2.2.1 allow local user obtain sensit inform kernel memori via unspecifi vector,,t,t,f
cve-2016-2004,2016-01-22,,0.0,hpe data protector 7.03_108 8.x 8.15 9.x 9.06 allow remot attack execut arbitrari code via unspecifi vector relat lack authent note vulner exist incomplet fix cve-2014-2623,,t,t,f
cve-2016-2107,2016-01-29,,0.0,the aes-ni implement openssl 1.1t 1.2 1.2h consid memori alloc certain pad check allow remot attack obtain sensit cleartext inform via padding-oracl attack ae cbc session note vulner exist incorrect fix cve-2013-0169,,t,t,f
cve-2016-2098,2016-01-29,,0.0,action pack rubi rail 3.2.22.2 4.x 4.1.14.2 4.2.x 4.2.5.2 allow remot attack execut arbitrari rubi code leverag applic 's unrestrict use render method,,t,t,f
cve-2016-2288,2016-02-09,,0.0,cogent datahub 7.3.10 allow local user gain privileg leverag user guest role modifi file,,t,t,f
cve-2016-2784,2016-02-29,,0.0,cm made simpl 2.x 2.1.3 1.x 1.12.2 smarti cach activ allow remot attack conduct cach poison attack modifi link conduct cross-sit script xss attack via craft http host header request,,t,t,f
cve-2016-3053,2016-03-09,,0.0,ibm aix contain unspecifi vulner would allow local authent user obtain root level privileg,,t,t,f
cve-2016-3081,2016-03-10,,0.0,apach strut 2.3.19 2.3.20.2 2.3.21 2.3.24.1 2.3.25 2.3.28 dynam method invoc enabl allow remot attack execut arbitrari code via method prefix relat chain express,,t,t,f
cve-2016-3087,2016-03-10,,0.0,apach strut 2.3.19 2.3.20.2 2.3.21 2.3.24.1 2.3.25 2.3.28 dynam method invoc enabl allow remot attack execut arbitrari code via vector relat exclam mark oper rest plugin,,t,t,f
cve-2016-3714,2016-03-30,,0.0,the 1 ephemer 2 http 3 mvg 4 msl 5 text 6 show 7 win 8 plt coder imagemagick 6.9.3-10 7.x 7.0.1-1 allow remot attack execut arbitrari code via shell metacharact craft imag aka `` imagetragick '',,t,t,f
cve-2016-3987,2016-04-08,,0.0,the http server trend micro password manag allow remot web server execut arbitrari command via url paramet 1 api/openurlindefaultbrows 2 api/showsb,,t,t,f
cve-2016-3986,2016-04-08,,0.0,avast allow remot attack caus denial servic memori corrupt possibl execut arbitrari code via craft PE file relat authenticod pars,,t,t,f
cve-2016-4004,2016-04-12,,0.0,directori travers vulner dell openmanag server administr omsa 8.2 allow remot authent administr read arbitrari file via .. dot dot backslash file paramet viewfil,,t,t,f
cve-2016-4264,2016-04-27,,0.0,the offic open xml ooxml featur adob coldfus 10 updat 21 11 updat 10 allow remot attack read arbitrari file send tcp request intranet server via craft ooxml spreadsheet contain extern entiti declar conjunct entiti refer relat xml extern entiti xxe issu,,t,t,f
cve-2016-4314,2016-04-27,,0.0,directori travers vulner logview admin servic wso2 carbon 4.4.5 allow remot authent administr read arbitrari file via .. dot dot logfil paramet downloadgz-ajaxprocessor.jsp,,t,t,f
cve-2016-4535,2016-05-05,,0.0,integ signed error AV engin dat 8145 use mcafe livesaf 14.0 allow remot attack caus denial servic memori corrupt crash via craft pack execut,,t,t,f
cve-2016-4558,2016-05-06,,0.0,the bpf subsystem linux kernel 4.5.5 mishandl refer count allow local user caus denial servic use-after-fre possibl unspecifi impact via craft applic 1 system 32 Gb memori relat program refer count 2 1 Tb system relat map refer count,,t,t,f
cve-2016-4806,2016-05-15,,0.0,web2pi version 2.14.5 affect local file inclus vulner allow malici intend user read/access web server sensit file,,t,t,f
cve-2016-4971,2016-05-24,,0.0,gnu wget 1.18 allow remot server write arbitrari file redirect request http craft ftp resourc,,t,t,f
cve-2016-5195,2016-05-31,,0.0,race condit mm/gup.c linux kernel 2.x 4.x 4.8.3 allow local user gain privileg leverag incorrect handl copy-on-writ cow featur write read-onli memori map exploit wild octob 2016 aka `` dirti cow '',,t,t,f
cve-2016-5228,2016-05-31,,0.0,stack-bas buffer overflow playmacro function objectxmacro.objectxmacro wdmacctl.ocx micro focu rumba 9.x 9.3 HF 11997 9.4.x 9.4 HF 12815 allow remot attack execut arbitrari code via long macronam argument note refer mention cve-2016-5226 correct ID rumba vulner,,t,t,f
cve-2016-5725,2016-06-18,,0.0,directori travers vulner jcraft jsch 0.1.54 window mode channelsftp.overwrit allow remot sftp server write arbitrari file via .. dot dot backslash respons recurs get command,,t,t,f
cve-2016-5845,2016-06-26,,0.0,sap sapcar check return valu file oper extract file allow remot attack caus denial servic program crash via invalid file name archiv file aka sap secur note 2312905,,t,t,f
cve-2016-6175,2016-07-06,,0.0,eval inject vulner php-gettext 1.12 earlier allow remot attack execut arbitrari php code via craft plural form header,,t,t,f
cve-2016-6195,2016-07-11,,0.0,sql inject vulner forumrunner/includes/moderation.php vbulletin 4.2.2 patch level 5 4.2.3 patch level 1 allow remot attack execut arbitrari sql command via postid paramet forumrunner/request.php exploit wild juli 2016,,t,t,f
cve-2016-6253,2016-07-20,,0.0,mail.loc netbsd version 6.0 6.0.6 6.1 6.1.5 7.0 allow local user chang ownership append data arbitrari file target system via symlink attack user mailbox,,t,t,f
cve-2016-6503,2016-08-01,,0.0,the corba idl dissector wireshark 2.x 2.0.5 64-bit window platform properli interact visual c++ compil option allow remot attack caus denial servic applic crash via craft packet,,t,t,f
cve-2016-6855,2016-08-18,,0.0,eye gnome aka eog 3.16.5 3.17.x 3.18.x 3.18.3 3.19.x 3.20.x 3.20.4 use glib 2.44.1 allow remot attack caus denial servic out-of-bound write crash via vector involv pass invalid utf-8 gmarkup,,t,t,f
cve-2016-7065,2016-08-23,,0.0,the jmx servlet red hat jboss enterpris applic platform eap 4 5 allow remot authent user caus denial servic possibl execut arbitrari code via craft serial java object,,t,t,f
cve-2016-7098,2016-08-26,,0.0,race condit wget 1.17 earlier use recurs mirror mode download singl file might allow remot server bypass intend access list restrict keep http connect open,,t,t,f
cve-2016-8016,2016-09-09,,0.0,inform exposur intel secur virusscan enterpris linux vsel 2.0.3 earlier allow authent remot attack obtain exist unauthor file system via url paramet,,t,t,f
cve-2016-7982,2016-09-09,,0.0,directori travers vulner ecrire/exec/valider_xml.php spip 3.1.2 earlier allow remot attack enumer file system via var_url paramet valider_xml action,,t,t,f
cve-2016-7980,2016-09-09,,0.0,cross-sit request forgeri csrf vulner ecrire/exec/valider_xml.php spip 3.1.2 earlier allow remot attack hijack authent administr request execut xml valid local file via craft valider_xml request note issu combin cve-2016-7998 execut arbitrari php code,,t,t,f
cve-2016-8580,2016-10-10,,0.0,php object inject vulner exist multipl widget file alienvault ossim usm 5.3.2 these vulner allow arbitrari php code execut via magic method includ class,,t,t,f
cve-2016-8582,2016-10-10,,0.0,A vulner exist gauge.php alienvault ossim usm 5.3.2 allow attack execut arbitrari sql queri retriev databas inform read local system file via mysql 's load_fil,,t,t,f
cve-2016-8581,2016-10-10,,0.0,A persist xss vulner exist user-ag header login process alienvault ossim usm 5.3.2 allow attack steal session id log user current session view administr,,t,t,f
cve-2016-8769,2016-10-18,,0.0,huawei utp earlier utps-v200r003b015d16spc00c983 unquot servic path vulner lead truncat utp servic queri path An attack may put execut file search path affect servic obtain elev privileg execut file execut,,t,t,f
cve-2016-9018,2016-10-25,,0.0,improp handl repeat vrat chunk qcpfformat.dl allow attack caus null pointer derefer crash realnetwork realplay 18.1.5.705 craft .qcp media file,,t,t,f
cve-2016-9150,2016-11-03,,0.0,buffer overflow manag web interfac palo alto network pan-o 5.0.20 5.1.x 5.1.13 6.0.x 6.0.15 6.1.x 6.1.15 7.0.x 7.0.11 7.1.x 7.1.6 allow remot attack execut arbitrari code via unspecifi vector,,t,t,f
cve-2016-9565,2016-11-22,,0.0,magpierss use front-end compon nagio core 4.2.2 might allow remot attack read write arbitrari file spoof craft respons nagio rss feed server note vulner exist incomplet fix cve-2008-4796,,t,t,f
cve-2016-9796,2016-12-02,,0.0,alcatel-luc omnivista 8770 2.0 3.0 expos differ orb interfac queri use giop protocol tcp port 30024 An attack bypass authent omnivista invok method addjobset addjob executenow use run arbitrari command server privileg NT authority\system server note the discover state `` the vendor posit refer technic guidelin product secur deploy mitig issu mean appli proper firewal rule prevent unauthoris client connect omnivista server '',,t,t,f
cve-2016-10010,2016-12-19,,0.0,sshd openssh 7.4 privileg separ use creat forward unix-domain socket root might allow local user gain privileg via unspecifi vector relat serverloop.c,,t,t,f
cve-2016-10009,2016-12-19,,0.0,untrust search path vulner ssh-agent.c ssh-agent openssh 7.4 allow remot attack execut arbitrari local pkc 11 modul leverag control forward agent-socket,,t,t,f
cve-2015-0240,2014-11-18,,0.0,the netlogon server implement smbd samba 3.5.x 3.6.x 3.6.25 4.0.x 4.0.25 4.1.x 4.1.17 4.2.x 4.2.0rc5 perform free oper uniniti stack pointer allow remot attack execut arbitrari code via craft netlogon packet use serverpasswordset rpc api demonstr packet reach _netr_serverpasswordset function rpc_server/netlogon/srv_netlog_nt.c,,f,t,f
cve-2015-0179,2014-11-18,,0.0,note system diagnost nsd ibm domino 8.5.x 8.5.3 fp6 if6 9.x 9.0.1 fp3 if1 allow local user obtain system privileg via unspecifi vector aka spr tchl9sst8v,,f,t,f
cve-2015-0252,2014-11-18,,0.0,internal/xmlreader.cpp apach xerces-c 3.1.2 allow remot attack caus denial servic segment fault crash via craft xml data,,f,t,f
cve-2015-0273,2014-11-18,,0.0,multipl use-after-fre vulner ext/date/php_date.c php 5.4.38 5.5.x 5.5.22 5.6.x 5.6.6 allow remot attack execut arbitrari code via craft serial input contain 1 R 2 r type specifi datetimezon data handl php_date_timezone_initialize_from_hash function b datetim data handl php_date_initialize_from_hash function,,f,t,f
cve-2015-0514,2014-12-17,,0.0,emc M R aka watch4net 6.5u1 vipr srm 3.6.1 might allow remot attack obtain cleartext data-cent discoveri credenti leverag certain srm access conduct decrypt attack,,f,t,f
cve-2015-0516,2014-12-17,,0.0,directori travers vulner emc M R aka watch4net 6.5u1 vipr srm 3.6.1 allow remot authent user read arbitrari file via craft url,,f,t,f
cve-2015-0554,2015-01-05,,0.0,the adb formerli pirelli broadband solut p.dga4001n router firmwar pdg_tef_sp_4.06l.6 properli restrict access web interfac allow remot attack obtain sensit inform caus denial servic devic restart demonstr direct request 1 wlsecurity.html 2 resetrouter.html,,f,t,f
cve-2015-1028,2015-01-10,,0.0,multipl cross-sit script xss vulner d-link dsl-2730b router rev C1 firmwar ge_1.01 allow remot authent user inject arbitrari web script html via 1 domainnam paramet dnsproxy.cmd dn proxi configur panel 2 brname paramet lancfg2get.cgi lan configur panel 3 wlauthmod 4 wl_wsc_reg 5 wl_wsc_mode paramet wlsecrefresh.wl wireless secur panel 6 wlwpapsk paramet wlsecurity.wl wireless password viewer,,f,t,f
cve-2015-1054,2015-01-16,,0.0,cross-sit script xss vulner game featur crea8soci 2.0 allow remot authent user inject arbitrari web script html via game content field add game,,f,t,f
cve-2015-1171,2015-01-17,,0.0,stack-bas buffer overflow gsm sim util aka sim card editor 6.6 allow remot attack execut arbitrari code via long entri .sm file,,f,t,f
cve-2015-1338,2015-01-22,,0.0,kernel_crashdump apport 2.19 allow local user caus denial servic disk consumpt possibl gain privileg via 1 symlink 2 hard link attack /var/crash/vmcore.log,,f,t,f
cve-2015-1372,2015-01-27,,0.0,sql inject vulner ferretcm 1.4-alpha allow remot attack execut arbitrari sql command via p paramet updat action admin.php,,f,t,f
cve-2015-1374,2015-01-27,,0.0,multipl cross-sit request forgeri csrf vulner admin.php ferretcm 1.4-alpha allow remot attack hijack authent administr request conduct 1 cross-sit script xss 2 sql inject 3 unrestrict file upload attack,,f,t,f
cve-2015-1362,2015-01-27,,0.0,buffer overflow custom 35mm tab two pilot exif pilot 4.7.2 allow remot attack execut arbitrari code via long string maker element xml file,,f,t,f
cve-2015-1397,2015-01-27,,0.0,sql inject vulner getcsvfil function mage_adminhtml_block_widget_grid class magento commun edit CE 1.9.1 enterpris edit EE 1.14.1 allow remot administr execut arbitrari sql command via popular field_expr paramet popular popular paramet set,,f,t,f
cve-2015-1423,2015-01-29,,0.0,multipl sql inject vulner gecko cm 2.2 2.3 allow remot administr execut arbitrari sql command via 1 jak_delete_log 2 ssp paramet admin/index.php,,f,t,f
cve-2015-1467,2015-02-03,,0.0,multipl sql inject vulner translat fork cm 3.8.6 allow remot authent user execut arbitrari sql command via 1 languag 2 type paramet private/en/locale/index,,f,t,f
cve-2015-1477,2015-02-04,,0.0,sql inject vulner cmsjunki j-classifiedsmanag compon joomla allow remot attack execut arbitrari sql command via id paramet viewad task classifieds/offerring-ad,,f,t,f
cve-2015-1481,2015-02-04,,0.0,ansibl tower aka ansibl UI 2.0.5 allow remot organ administr gain privileg creat superus account,,f,t,f
cve-2015-1480,2015-02-04,,0.0,zoho manageengin servicedesk plu sdp 9.0 build 9031 allow remot authent user obtain sensit ticket inform via 1 getticketdata action servlet/ajaxservlet direct request 2 swf/flashreport.swf 3 reports/flash/details.jsp 4 reports/createreporttable.jsp,,f,t,f
cve-2015-1479,2015-02-04,,0.0,sql inject vulner reports/createreporttable.jsp zoho manageengin servicedesk plu sdp 9.0 build 9031 allow remot authent user execut arbitrari sql command via site paramet,,f,t,f
cve-2015-1482,2015-02-04,,0.0,ansibl tower aka ansibl UI 2.0.5 allow remot attack bypass authent obtain sensit inform via websocket connect socket.io/1/,,f,t,f
cve-2015-1577,2015-02-11,,0.0,directori travers vulner u5admin/deletefile.php u5cm 3.9.4 allow remot attack write arbitrari file via 1 .. dot dot 2 full pathnam f paramet,,f,t,f
cve-2015-1592,2015-02-12,,0.0,movabl type pro open sourc advanc 5.2.12 pro advanc 6.0.x 6.0.7 properli use perl storabl :thaw function allow remot attack includ execut arbitrari local perl file possibl execut arbitrari code via unspecifi vector,,f,t,f
cve-2015-1833,2015-02-17,,0.0,xml extern entiti xxe vulner apach jackrabbit 2.0.6 2.2.x 2.2.14 2.4.x 2.4.6 2.6.x 2.6.6 2.8.x 2.8.1 2.10.x 2.10.1 allow remot attack read arbitrari file send request intranet server via craft webdav request,,f,t,f
cve-2015-1793,2015-02-17,,0.0,the x509_verify_cert function crypto/x509/x509_vfy.c openssl 1.1n 1.1o 1.2b 1.2c properli process x.509 basic constraint cA valu identif altern certif chain allow remot attack spoof certif author role trigger unintend certif verif via valid leaf certif,,f,t,f
cve-2015-2055,2015-02-23,,0.0,zhone gpon 2520 firmwar r4.0.2.566b allow remot attack caus denial servic via long string oldpassword paramet,,f,t,f
cve-2015-2071,2015-02-24,,0.0,directori travers vulner cm/newui/blog/export.jsp etouch samepag enterpris edit 4.4.0.239 allow remot authent user read arbitrari file via .. dot dot filepath paramet,,f,t,f
cve-2015-2080,2015-02-24,,0.0,the except handl code eclips jetti 9.2.9.v20150224 allow remot attack obtain sensit inform process memori via illeg charact http header aka jetleak,,f,t,f
cve-2015-2125,2015-02-27,,0.0,unspecifi vulner HP webinspect 7.x 10.4 10.4 updat 1 allow remot authent user bypass intend access restrict via unknown vector,,f,t,f
cve-2015-2102,2015-02-27,,0.0,sql inject vulner view_item.php clipbucket 2.7 rc3 2.7.0.4.v2929-rc3 allow remot attack execut arbitrari sql command via item paramet,,f,t,f
cve-2015-2166,2015-03-01,,0.0,directori travers vulner instanc monitor ericsson drutt mobil servic deliveri platform msdp 4 5 6 allow remot attack read arbitrari file via .. 2f dot dot encod slash default uri,,f,t,f
cve-2015-2169,2015-03-01,,0.0,cross-sit script xss vulner zoho manageengin assetexplor 6.1 servic pack 6112 allow remot attack inject arbitrari web script html via publish registri entri properli handl machin scan,,f,t,f
cve-2015-2184,2015-03-02,,0.0,zeuscart 4 allow remot attack obtain configur inform via getphpinfo action admin/ call phpinfo function,,f,t,f
cve-2015-2177,2015-03-02,,0.0,siemen simat s7-300 cpu devic allow remot attack caus denial servic defect-mod transit via craft packet 1 tcp port 102 2 profibu,,f,t,f
cve-2015-2219,2015-03-05,,0.0,lenovo system updat formerli thinkvantag system updat 5.06.0034 use predict secur token allow local user gain privileg send valid token command system updat servic suservice.ex unspecifi name pipe,,f,t,f
cve-2015-2285,2015-03-12,,0.0,the logrot script /etc/cron.daily/upstart ubuntu upstart packag 1.13.2-0ubuntu9 use ubuntu vivid 15.04 allow local user execut arbitrari command gain privileg via craft file /run/user/ /upstart/sessions/,,f,t,f
cve-2015-2295,2015-03-14,,0.0,cross-sit request forgeri csrf vulner system_firmware_restorefullbackup.php webgui pfsens 2.2.1 allow remot attack hijack authent administr request delet arbitrari file via deletefil paramet,,f,t,f
cve-2015-2572,2015-03-20,,0.0,unspecifi vulner oracl hyperion smart view offic compon oracl hyperion 11.1.2.5.216 earlier run window allow local user affect confidenti integr avail via unknown vector relat core,,f,t,f
cve-2015-2682,2015-03-23,,0.0,citrix command center 5.1 build 35.4 5.2 build 42.7 allow remot attack obtain credenti via direct request conf/securitydbdata.xml,,f,t,f
cve-2015-2746,2015-03-26,,0.0,the network diagnost tool commandlineservlet applianc manag command line util clu websens triton 7.8.3 v-seri applianc 7.8.4 hotfix 02 allow remot authent user execut arbitrari command via shell metacharact `` second '' paramet command demonstr destin paramet ping command,,f,t,f
cve-2015-2791,2015-03-30,,0.0,the `` menu sync '' function wpml plugin 3.1.9 wordpress allow remot attack delet arbitrari post page menu via craft request sitepress-multilingual-cms/menu/menus-sync.php,,f,t,f
cve-2015-2789,2015-03-30,,0.0,unquot window search path vulner foxit cloud safe updat servic cloud plugin foxit reader 6.1 7.0.6.1126 allow local user gain privileg via trojan hors program systemdr folder,,f,t,f
cve-2015-2805,2015-03-30,,0.0,cross-sit request forgeri csrf vulner sec/content/sec_asa_users_local_db_add.html manag web interfac alcatel-luc omniswitch 6450 6250 6850e 9000e 6400 6855 6900 10k 6860 firmwar 6.4.5.r02 6.4.6.r01 6.6.4.r01 6.6.5.r02 7.3.2.r01 7.3.3.r01 7.3.4.r01 8.1.1.r01 allow remot attack hijack authent administr request creat user via craft request,,f,t,f
cve-2015-2862,2015-04-03,,0.0,directori travers vulner kaseya virtual system administr vsa 7.x 7.0.29 8.x 8.0.18 9.0 9.0.14 9.1 9.1.4 allow remot authent user read arbitrari file via craft http request,,f,t,f
cve-2015-2841,2015-04-03,,0.0,citrix netscal appfirewal use netscal 10.5 allow remot attack bypass intend firewal restrict via craft content-typ header demonstr application/octet-stream text/xml content-typ,,f,t,f
cve-2015-2866,2015-04-03,,0.0,sql inject vulner grandstream gxv3611_hd camera firmwar 1.3.9 beta allow remot attack execut arbitrari sql command attempt establish telnet session craft usernam,,f,t,f
cve-2015-3000,2015-04-07,,0.0,sysaid help desk 15.2 allow remot attack caus denial servic cpu memori consumpt via larg number nest entiti refer xml document 1 /agententri 2 /rdsmonitoringrespons 3 /androidact aka xml entiti expans xee attack,,f,t,f
cve-2015-2996,2015-04-07,,0.0,multipl directori travers vulner sysaid help desk 15.2 allow remot attack 1 read arbitrari file via .. dot dot filenam paramet getgfiupgradefil 2 caus denial servic cpu memori consumpt via .. dot dot filenam paramet calculaterdsfilechecksum,,f,t,f
cve-2015-2999,2015-04-07,,0.0,multipl sql inject vulner sysaid help desk 15.2 allow remot administr execut arbitrari sql command via 1 groupfilt paramet assetdetail report /genericreport customsql paramet 2 topadministratorsbyaveragetim report 3 activerequest report /genericreport 4 dir paramet helpdesk.jsp 5 grantsql paramet rfcgantt.jsp,,f,t,f
cve-2015-2997,2015-04-07,,0.0,sysaid help desk 15.2 allow remot attack obtain sensit inform via invalid valu accountid paramet getagentlogfil demonstr larg directori travers sequenc reveal instal path error messag,,f,t,f
cve-2015-2998,2015-04-07,,0.0,sysaid help desk 15.2 use hardcod encrypt key make easier remot attack obtain sensit inform demonstr decrypt databas password web-inf/conf/serverconf.xml,,f,t,f
cve-2015-3036,2015-04-08,,0.0,stack-bas buffer overflow run_init_sbu function kcode netusb modul linux kernel use certain netgear product tp-link product product allow remot attack execut arbitrari code provid long comput name session tcp port 20005,,f,t,f
cve-2015-3141,2015-04-09,,0.0,multipl cross-sit request forgeri csrf vulner synametr technolog xeam 4.5 build 5755 earlier allow remot attack hijack authent administr request creat 1 smtp domain 2 user via request /frontcontrol conduct cross-sit script xss attack via 3 domainnam paramet /frontcontrol creat new smtp domain configur 4 txtrecipi paramet /frontcontrol creat new forward 5 popfetchserv 6 popfetchus 7 popfetchrecipi paramet /frontcontrol creat new pop3 fetcher account 8 smtp helo domain advanc server configur,,f,t,f
cve-2015-3205,2015-04-10,,0.0,libmimedir allow remot attack execut arbitrari code via vcf file two null byte end file relat `` free '' function call `` lexer 's memori clean-up procedur '',,f,t,f
cve-2015-3224,2015-04-10,,0.0,request.rb web consol 2.1.3 use rubi rail 3.x 4.x properli restrict use x-forwarded-for header determin client 's IP address allow remot attack bypass whitelisted_ip protect mechan via craft request,,f,t,f
cve-2015-3221,2015-04-10,,0.0,openstack neutron 2014.2.4 juno 2015.1.x 2015.1.1 kilo use iptabl firewal driver allow remot authent user caus denial servic L2 agent crash ad address pair reject ipset tool,,f,t,f
cve-2015-3337,2015-04-20,,0.0,directori travers vulner elasticsearch 1.4.5 1.5.x 1.5.2 site plugin enabl allow remot attack read arbitrari file via unspecifi vector,,f,t,f
cve-2015-3624,2015-04-30,,0.0,cross-sit request forgeri csrf vulner test/workarea/dmsmenu/menuactions/menuactions.aspx ektron content manag system cm 9.10 sp1 build 9.1.184.1.120 allow remot attack hijack authent content administr request delet content via delet action,,f,t,f
cve-2015-3693,2015-05-07,,0.0,appl mac efi 2015-001 use OS X 10.10.4 product properli set refresh rate ddr3 ram might make easier remot attack conduct row-hamm attack consequ gain privileg caus denial servic memori corrupt trigger certain pattern access memori locat,,f,t,f
cve-2015-4027,2015-05-19,,0.0,the acuwvsschedulerv10 servic acunetix web vulner scanner wv 10 build 20151125 allow local user gain privileg via command paramet reporttempl properti param json object api/addscan,,f,t,f
cve-2015-4040,2015-05-19,,0.0,directori travers vulner configur util F5 big-ip 12.0 enterpris manag 3.0 3.1.1 allow remot authent user access arbitrari file web root via unspecifi vector,,f,t,f
cve-2015-4425,2015-06-08,,0.0,directori travers vulner pimcor build 3473 allow remot authent user `` asset '' permiss creat write arbitrari file via .. dot dot dir paramet admin/asset/add-asset-compat,,f,t,f
cve-2015-4594,2015-06-16,,0.0,eclinicalwork popul health ccmr suffer session fixat vulner when authent user applic assign new session ID make possibl use exist session ID,,f,t,f
cve-2015-4593,2015-06-16,,0.0,eclinicalwork popul health ccmr suffer cross-sit request forgeri csrf vulner portaluserservice.jsp allow remot attack hijack authent content administr request could lead creation modif delet user appoint employe,,f,t,f
cve-2015-4592,2015-06-16,,0.0,eclinicalwork popul health ccmr suffer sql inject vulner portaluserservice.jsp allow remot authent user inject arbitrari malici databas command part user input,,f,t,f
cve-2015-4666,2015-06-19,,0.0,directori travers vulner opm/read_sessionlog.php xceedium xsuit 2.4.4.5 earlier allow remot attack read arbitrari file via .... // quadrupl dot doubl slash logfil paramet,,f,t,f
cve-2015-4852,2015-06-24,,0.0,the wl secur compon oracl weblog server 10.3.6.0 12.1.2.0 12.1.3.0 12.2.1 allow remot attack execut arbitrari command via craft serial java object T3 protocol traffic tcp port 7001 relat oracle_common/modules/com.bea.core.apache.commons.collections.jar note scope cve limit weblog server product,,f,t,f
cve-2015-5149,2015-06-30,,0.0,directori travers vulner zoho manageengin supportcent plu 7.90 allow remot authent user write arbitrari file via .. dot dot compon paramet request compon workorder/attachment.jsp,,f,t,f
cve-2015-5161,2015-07-01,,0.0,the zend_xml_secur :scan zendxml 1.1 zend framework 1.12.14 2.x 2.4.6 2.5.x 2.5.2 run php-fpm thread environ allow remot attack bypass secur check conduct xml extern entiti xxe xml entiti expans xee attack via multibyt encod charact,,f,t,f
cve-2015-5353,2015-07-01,,0.0,directori travers vulner noviu OS 5.0.1 elch allow remot attack includ execut arbitrari local file via .. dot dot tab paramet admin/,,f,t,f
cve-2015-5453,2015-07-08,,0.0,watchguard xc 9.2 10.0 build 150522 allow remot authent user execut arbitrari command via shell metacharact id paramet admin/mailqueue.spl,,f,t,f
cve-2015-5465,2015-07-10,,0.0,silicon integr system windowsxp display manag aka vga driver manag vga display manag 6.14.10.3930 allow local user gain privileg via craft 1 0x96002400 2 0x96002404 ioctl call,,f,t,f
cve-2015-5520,2015-07-14,,0.0,cross-sit script xss vulner user modul orchard 1.7.3 1.8.2 1.9.x 1.9.1 allow remot attack inject arbitrari web script html via usernam creat new user account properli handl delet account,,f,t,f
cve-2015-5531,2015-07-16,,0.0,directori travers vulner elasticsearch 1.6.1 allow remot attack read arbitrari file via unspecifi vector relat snapshot api call,,f,t,f
cve-2015-5621,2015-07-22,,0.0,the snmp_pdu_pars function snmp_api.c net-snmp 5.7.2 earlier remov varbind variabl netsnmp_variable_list item pars snmp pdu fail allow remot attack caus denial servic crash possibl execut arbitrari code via craft packet,,f,t,f
cve-2015-5696,2015-07-29,,0.0,dell netvault backup 10.0.5 allow remot attack caus denial servic crash via craft request,,f,t,f
cve-2015-5736,2015-08-04,,0.0,the fortishield.si driver fortinet forticli 5.2.4 allow local user execut arbitrari code kernel privileg set callback function 1 0x220024 2 0x220028 ioctl call,,f,t,f
cve-2015-5895,2015-08-06,,0.0,multipl unspecifi vulner sqlite 3.8.10.2 use appl io 9 unknown impact attack vector,,f,t,f
cve-2015-5999,2015-08-14,,0.0,multipl cross-sit request forgeri csrf vulner d-link dir-816l wireless router firmwar 2.06.b09_beta allow remot attack hijack authent administr request 1 chang admin password 2 chang network polici 3 possibl unspecifi impact via craft request hedwig.cgi pigwidgeon.cgi,,f,t,f
cve-2015-6024,2015-08-14,,0.0,ping.cgi netcommwireless hspa 3g10wve wireless router firmwar 3g10wve-l101-s306ets-c01_r05 allow remot authent user execut arbitrari command via shell metacharact dia_ipaddress paramet,,f,t,f
cve-2015-6023,2015-08-14,,0.0,ping.cgi netcommwireless hspa 3g10wve wireless router firmwar 3g10wve-l101-s306ets-c01_r05 allow remot attack bypass intend access restrict via direct request note issu combin cve-2015-6024 execut arbitrari command,,f,t,f
cve-2015-6018,2015-08-14,,0.0,the diagnostic-p implement zyxel pmg5318-b20a devic firmwar 1.00 aanc.2 C0 allow remot attack execut arbitrari command via pingipaddr paramet,,f,t,f
cve-2015-5995,2015-08-14,,0.0,mediabridg medialink mwn-wapr300n devic firmwar 5.07.50 tenda N3 wireless n150 devic allow remot attack obtain administr access via certain admin substr http cooki header,,f,t,f
cve-2015-6541,2015-08-20,,0.0,multipl cross-sit request forgeri csrf vulner mail interfac zimbra collabor server zc 8.5 allow remot attack hijack authent arbitrari user request chang account prefer via soap request service/soap/batchrequest,,f,t,f
cve-2015-6565,2015-08-21,,0.0,sshd openssh 6.8 6.9 use world-writ permiss tti devic allow local user caus denial servic termin disrupt possibl unspecifi impact write devic demonstr write escap sequenc,,f,t,f
cve-2015-6805,2015-09-02,,0.0,cross-sit script xss vulner mdc privat messag plugin 1 wordpress allow remot authent user inject arbitrari web script html via messag field privat messag,,f,t,f
cve-2015-6810,2015-09-04,,0.0,cross-sit script xss vulner invis power servic ip commun suit aka invis power board ipb power board 4.x 4.0.12.1 allow remot authent user inject arbitrari web script html via event_loc address array paramet calendar/submit/,,f,t,f
cve-2015-6912,2015-09-11,,0.0,synolog video station 1.5-0763 allow remot attack execut arbitrari shell command via shell metacharact subtitle_codepag paramet subtitle.cgi,,f,t,f
cve-2015-6923,2015-09-12,,0.0,the ndvb modul vbox commun satellit express protocol 2.3.17.3 allow local user write arbitrari physic memori locat gain privileg via 0x00000ffd ioctl call,,f,t,f
cve-2015-6962,2015-09-16,,0.0,sql inject vulner web applic farol allow remot attack execut arbitrari sql command via email paramet tkmonitor/estrutura/login/login.actions.php,,f,t,f
cve-2015-6965,2015-09-16,,0.0,multipl cross-sit request forgeri csrf vulner contact form gener plugin 2.0.1 earlier wordpress allow remot attack hijack authent administr request 1 creat field 2 updat field 3 delet field 4 creat form 5 updat form 6 delet form 7 creat templat 8 updat templat 9 delet templat 10 conduct cross-sit script xss attack via craft request cfg_form page wp-admin/admin.php,,f,t,f
cve-2015-7250,2015-09-18,,0.0,absolut path travers vulner cgi-bin/webproc zte zxhn h108n r1a devic zte.bhs.zxhnh108nr1a.k_p allow remot attack read arbitrari file via full pathnam getpag paramet,,f,t,f
cve-2015-7248,2015-09-18,,0.0,zte zxhn h108n r1a devic zte.bhs.zxhnh108nr1a.k_p allow remot attack discov usernam password hash read cgi-bin/webproc html sourc code differ vulner cve-2015-8703,,f,t,f
cve-2015-7249,2015-09-18,,0.0,zte zxhn h108n r1a devic zte.bhs.zxhnh108nr1a.k_p allow remot authent user bypass intend access restrict via modifi request demonstr leverag support account chang password via cgi-bin/webproc accountpsd action,,f,t,f
cve-2015-7378,2015-09-25,,0.0,panda secur url filter 4.3.1.9 use weak acl `` panda secur url filter '' directori instal file allow local user gain system privileg modifi panda_url_filteringb.ex,,f,t,f
cve-2015-7381,2015-09-27,,0.0,multipl php remot file inclus vulner install.php web refer databas aka refbas 0.9.6 allow remot attack execut arbitrari php code via 1 pathtomysql 2 databasestructurefil paramet differ issu cve-2015-6008,,f,t,f
cve-2015-7603,2015-09-29,,0.0,directori travers vulner konica minolta ftp util 1 allow remot attack read arbitrari file via .. dot dot backslash retr command,,f,t,f
cve-2015-7611,2015-10-01,,0.0,apach jame server 2.3.2 configur file-bas user repositori allow attack execut arbitrari system command via unspecifi vector,,f,t,f
cve-2015-7707,2015-10-05,,0.0,ignit realtim openfir 3.10.2 allow remot authent user gain administr access via isadmin paramet user-edit-form.jsp,,f,t,f
cve-2015-7805,2015-10-09,,0.0,heap-bas buffer overflow libsndfil 1.25 allow remot attack unspecifi impact via headindex valu header aiff file,,f,t,f
cve-2015-7766,2015-10-09,,0.0,pgsql submitquery.do zoho manageengin opmanag 11.6 11.5 earlier allow remot administr bypass sql queri restrict via comment queri api/json/admin/submitqueri demonstr `` insert/ /into '',,f,t,f
cve-2015-7856,2015-10-16,,0.0,opennm default password rtc rtc account make easier remot attack obtain access leverag knowledg credenti,,f,t,f
cve-2015-7900,2015-10-22,,0.0,infinit autom mango autom 2.5.x 2.6.x 2.6.0 build 430 allow remot attack obtain sensit debug inform enter craft url trigger except visit certain statu page,,f,t,f
cve-2015-7902,2015-10-22,,0.0,infinit autom mango autom 2.5.x 2.6.x 2.6.0 build 430 provid differ error messag fail login attempt unspecifi circumst allow remot attack obtain sensit inform via seri request,,f,t,f
cve-2015-7901,2015-10-22,,0.0,infinit autom mango autom 2.5.x 2.6.x 2.6.0 build 430 allow remot authent user execut arbitrari OS command via unspecifi vector,,f,t,f
cve-2015-7986,2015-10-27,,0.0,the index server hdbindexserv sap hana 1.00.095 allow remot attack execut arbitrari code caus denial servic memori corrupt via http request aka sap secur note 2197428,,f,t,f
cve-2015-8258,2015-11-19,,0.0,axi commun product firmwar 5.80.x allow remot attack modifi arbitrari file root via vector involv open script editor aka `` resourc inject vulner '',,f,t,f
cve-2015-8283,2015-11-19,,0.0,directori travers vulner configure_manage.php seawel network spectrum sdc 02.05.00,,f,t,f
cve-2015-8255,2015-11-19,,0.0,axi commun product allow csrf demonstr admin/pwdgrp.cgi vaconfig.cgi admin/local_del.cgi,,f,t,f
cve-2015-8261,2015-11-19,,0.0,the dronedeleteoldmeasur implement ipswitch whatsup gold 16.4 properli valid serial xml object allow remot attack conduct sql inject attack via craft soap request,,f,t,f
cve-2015-8284,2015-11-19,,0.0,seawel network spectrum sdc 02.05.00 allow remot viewer user perform administr function,,f,t,f
cve-2015-8282,2015-11-19,,0.0,seawel network spectrum sdc 02.05.00 default password `` admin '' `` admin '' account,,f,t,f
cve-2015-8358,2015-11-25,,0.0,directori travers vulner bitrix.mpbuild modul 1.12 bitrix allow remot administr includ execut arbitrari local file via .. dot dot element name `` work '' array paramet admin/bitrix.mpbuilder_step2.php,,f,t,f
cve-2015-8357,2015-11-25,,0.0,directori travers vulner bitrix.xscan modul 1.4 bitrix allow remot authent user renam arbitrari file consequ obtain sensit inform caus denial servic via .. dot dot file paramet admin/bitrix.xscan_worker.php,,f,t,f
cve-2015-8368,2015-11-26,,0.0,ntopng aka ntop 2.2 allow remot authent user chang login context gain privileg via user cooki usernam paramet admin/password_reset.lua,,f,t,f
cve-2015-8399,2015-12-02,,0.0,atlassian confluenc 5.8.17 allow remot authent user read configur file via decoratornam paramet 1 spaces/viewdefaultdecorator.act 2 admin/viewdefaultdecorator.act,,f,t,f
cve-2015-8396,2015-12-02,,0.0,integ overflow imageregionread :readintobuff function mediastorageandfileformat/gdcmimageregionreader.cxx grassroot dicom aka gdcm 2.6.2 allow attack execut arbitrari code via craft header dimens dicom imag file trigger buffer overflow,,f,t,f
cve-2015-8556,2015-12-14,,0.0,local privileg escal vulner gentoo qemu packag 2.5.0-r1,,f,t,f
cve-2015-8566,2015-12-15,,0.0,the session packag 1.x 1.3.1 joomla framework allow remot attack execut arbitrari code via unspecifi session valu,,f,t,f
cve-2016-0792,2015-12-16,,0.0,multipl unspecifi api endpoint jenkin 1.650 lt 1.642.2 allow remot authent user execut arbitrari code via serial data xml file relat xstream groovy.util.expando,,f,t,f
cve-2016-0772,2015-12-16,,0.0,the smtplib librari cpython aka python 2.7.12 3.x 3.4.5 3.5.x 3.5.2 return error starttl fail might allow man-in-the-middl attack bypass tl protect leverag network posit client registri block starttl command aka `` starttl strip attack '',,f,t,f
cve-2016-0727,2015-12-16,,0.0,the crontab script ntp packag 1:4.2.6.p3+dfsg-1ubuntu3.11 ubuntu 12.04 lt 1:4.2.6.p5+dfsg-3ubuntu2.14.04.10 ubuntu 14.04 lt ubuntu wili 1:4.2.8p4+dfsg-3ubuntu5.3 ubuntu 16.04 lt allow local user access ntp account write arbitrari file consequ gain privileg via vector involv statist directori cleanup,,f,t,f
cve-2015-8612,2015-12-18,,0.0,the enablenetwork method network class plugins/mechanism/network.pi blueman 2.0.3 allow local user gain privileg via dhcp_handler argument,,f,t,f
cve-2015-8617,2015-12-22,,0.0,format string vulner zend_throw_or_error function zend/zend_execute_api.c php 7.x 7.0.1 allow remot attack execut arbitrari code via format string specifi string misus class name lead incorrect error handl,,f,t,f
cve-2016-1247,2015-12-27,,0.0,the nginx packag 1.6.2-5+deb8u3 debian jessi nginx packag 1.4.6-1ubuntu3.6 ubuntu 14.04 lt 1.10.0-0ubuntu0.16.04.3 ubuntu 16.04 lt 1.10.1-0ubuntu1.1 ubuntu 16.10 nginx ebuild 1.10.2-r3 gentoo allow local user access web server user account gain root privileg via symlink attack error log,,f,t,f
cve-2016-1281,2016-01-02,,0.0,untrust search path vulner instal truecrypt 7.2 7.1a veracrypt 1.17-beta possibl product allow local user execut arbitrari code administr privileg conduct dll hijack attack via trojan hors dll `` applic directori '' demonstr usp10.dll riched20.dl ntmarta.dl srclient.dll dll,,f,t,f
cve-2015-8713,2016-01-03,,0.0,epan/dissectors/packet-umts_fp.c umt FP dissector wireshark 1.12.x 1.12.9 properli reserv memori channel ID map allow remot attack caus denial servic out-of-bound memori access applic crash via craft packet,,f,t,f
cve-2016-1337,2016-01-04,,0.0,cisco epc3928 devic allow remot attack obtain sensit configur credenti inform make request earli part boot process relat `` boot inform disclosur '' issu aka bug ID cscux17178,,f,t,f
cve-2016-1606,2016-01-12,,0.0,multipl stack-bas buffer overflow com object micro focu rumba 9.4.x 9.4 HF 13960 allow remot attack execut arbitrari code via 1 networknam properti valu objectxsnaconfig.objectxsnaconfig iconfig.dl 2 cpname properti valu objectxsnaconfig.objectxsnaconfig iconfig.dl 3 printernam properti valu profileeditor.printpastecontrol profedit.dl 4 data argument writerecord function ftxbifflib.as400ftxbiff ftxbiff.dll 5 serial properti valu nmseccomparamslib.ssl3 nmseccomparams.dl 6 usernam properti valu nmseccomparamslib.firewallproxi nmseccomparams.dl 7 lunam properti valu profileeditor.mfsnacontrol profedit.dl 8 newval argument load function ftpsftplib.sftpsess ftpsftp.dll 9 long host field ftp client,,f,t,f
cve-2016-1611,2016-01-12,,0.0,novel filr 1.2 hot patch 6 2.0 hot patch 2 use world-writ permiss /etc/profile.d/vainit.sh allow local user gain privileg replac file 's content arbitrari shell command,,f,t,f
cve-2016-1594,2016-01-12,,0.0,micro focu novel servic desk 7.2 allow remot authent user read arbitrari attach via request livetime.woa url demonstr obtain sensit inform via 1 downloadlogfil 2 downloadfil action,,f,t,f
cve-2016-1593,2016-01-12,,0.0,directori travers vulner import user featur micro focu novel servic desk 7.2 allow remot authent administr upload execut arbitrari jsp file via .. dot dot filenam within multipart/form-data post request livetime.woa url,,f,t,f
cve-2016-1595,2016-01-12,,0.0,livetime/webobjects/livetime.woa/wa/downloadaction/downloadfil micro focu novel servic desk 7.2 allow remot authent user conduct hibern queri languag hql inject attack obtain sensit inform via entitynam paramet,,f,t,f
cve-2016-1608,2016-01-12,,0.0,vaconfig/tim novel filr 1.2 secur updat 3 2.0 secur updat 2 allow remot authent user execut arbitrari command via shell metacharact ntpserver paramet,,f,t,f
cve-2016-1610,2016-01-12,,0.0,directori travers vulner email-templ featur novel filr 1.2 secur updat 3 2.0 secur updat 2 allow remot attack bypass intend access restrict write arbitrari file via .. dot dot blob name,,f,t,f
cve-2015-8770,2016-01-13,,0.0,directori travers vulner set_skin function program/include/rcmail_output_html.php roundcub 1.8 1.1.x 1.1.4 allow remot authent user certain permiss read arbitrari file possibl execut arbitrari code via .. dot dot _skin paramet index.php,,f,t,f
cve-2016-1879,2016-01-13,,0.0,the stream control transmiss protocol sctp modul freebsd 9.3 p33 10.1 p26 10.2 p9 kernel configur ipv6 allow remot attack caus denial servic assert failur null pointer derefer kernel panic via craft icmpv6 packet,,f,t,f
cve-2016-1914,2016-01-15,,0.0,multipl sql inject vulner com.rim.mdm.ui.server.imageservlet servlet blackberri enterpris server 12 bes12 self-servic 12.4 allow remot attack execut arbitrari sql command via imagenam paramet 1 mydevice/client/imag 2 admin/client/imag 3 myapps/client/imag 4 ssam/client/imag 5 all/client/imag,,f,t,f
cve-2016-1909,2016-01-15,,0.0,fortinet fortianalyz 5.0.12 5.2.x 5.2.5 fortiswitch 3.3.x 3.3.3 forticach 3.0.x 3.0.8 fortio 4.1.x 4.1.11 4.2.x 4.2.16 4.3.x 4.3.17 5.0.x 5.0.8 hardcod passphras fortimanager_access account allow remot attack obtain administr access via ssh session,,f,t,f
cve-2016-1910,2016-01-15,,0.0,the user manag engin ume sap netweav 7.4 allow attack decrypt unspecifi data via unknown vector aka sap secur note 2191290,,f,t,f
cve-2016-1960,2016-01-20,2016-03-11,6.8,integ underflow nshtml5treebuild class html5 string parser mozilla firefox 45.0 firefox esr 38.x 38.7 allow remot attack execut arbitrari code caus denial servic use-after-fre leverag mishandl end tag demonstr incorrect svg process aka zdi-can-3545,thi vulner allow remot attack execut arbitrari code vulner instal mozilla firefox user interact requir exploit vulner target must visit malici page open malici file.th specif flaw exist within handl html5 end tag the issu lie failur check index becom neg allow out-of-bound index An attack leverag vulner execut code within context current process,f,t,t
cve-2016-2056,2016-01-25,,0.0,xymond xymon 4.1.x 4.2.x 4.3.x 4.3.25 allow remot authent user execut arbitrari command via shell metacharact adduser_nam argument 1 web/useradm.c 2 web/chpasswd.c,,f,t,f
cve-2016-2087,2016-01-27,,0.0,directori travers vulner client hexchat 2.11.0 allow remot irc server read modifi arbitrari file via .. dot dot server name,,f,t,f
cve-2016-2099,2016-01-29,,0.0,use-after-fre vulner validators/dtd/dtdscanner.cpp apach xerc c++ 3.1.3 earlier allow context-depend attack unspecifi impact via invalid charact xml document,,f,t,f
cve-2016-2203,2016-02-02,,0.0,the manag consol symantec messag gateway smg applianc devic 10.6.1 allow local user discov encrypt AD password leverag certain read privileg,,f,t,f
cve-2016-2278,2016-02-09,,0.0,schneider electr struxurewar build oper autom server AS 1.7 earlier as-p 1.7 earlier allow remot authent administr execut arbitrari OS command defeat msh aka minim shell protect mechan,,f,t,f
cve-2016-2296,2016-02-09,,0.0,meteocontrol web'log basic 100 light pro pro unlimit requir authent `` post-admin '' login page allow remot attack obtain sensit inform modifi data via unspecifi vector,,f,t,f
cve-2016-2385,2016-02-15,,0.0,heap-bas buffer overflow encode_msg function encode_msg.c sea modul kamailio formerli opens ser 4.3.5 allow remot attack caus denial servic memori corrupt process crash possibl execut arbitrari code via larg sip packet,,f,t,f
cve-2016-2399,2016-02-17,,0.0,integ overflow quicktime_read_pasc function libquicktim 1.2.4 earlier allow remot attack caus denial servic possibl unspecifi impact via craft hdlr mp4 atom,,f,t,f
cve-2016-2563,2016-02-25,,0.0,stack-bas buffer overflow scp command-lin util putti 0.67 kitti 0.66.6.3 earlier allow remot server caus denial servic stack memori corrupt execut arbitrari code via craft scp-sink file-s respons scp download request,,f,t,f
cve-2016-2830,2016-03-01,,0.0,mozilla firefox 48.0 firefox esr 45.x 45.3 preserv network connect use favicon resourc retriev associ browser window close make easier remot web server track user observ network traffic multipl IP address,,f,t,f
cve-2016-2839,2016-03-01,,0.0,mozilla firefox 48.0 firefox esr 45.x 45.3 linux make cairo _cairo_surface_get_ext call properli interact libav header alloc ffmpeg 0.10 allow remot attack caus denial servic applic crash via craft video,,f,t,f
cve-2016-2816,2016-03-01,,0.0,mozilla firefox 46.0 allow remot attack bypass content secur polici csp protect mechan via multipart/x-mixed-replac content type,,f,t,f
cve-2016-2856,2016-03-06,,0.0,pt_chown glibc packag 2.19-18+deb8u4 debian jessi elibc packag 2.15-0ubuntu10.14 ubuntu 12.04 lt 2.19-0ubuntu6.8 ubuntu 14.04 lt glibc packag 2.21-0ubuntu4.2 ubuntu 15.10 2.23-0ubuntu1 ubuntu 16.04 lt 16.10 lack namespac check associ file-descriptor pass allow local user captur keystrok spoof data possibl gain privileg via pt read write oper relat debian/sysdeps/linux.mk note consid vulner upstream gnu C librari upstream document clear secur recommend -- enable-pt_chown option,,f,t,f
cve-2016-2849,2016-03-06,,0.0,botan 1.10.13 1.11.x 1.11.29 use constant-tim algorithm perform modular invers signatur nonc k might allow remot attack obtain ecdsa secret key via time side-channel attack,,f,t,f
cve-2016-2851,2016-03-06,,0.0,integ overflow proto.c libotr 4.1.1 64-bit platform allow remot attack caus denial servic memori corrupt applic crash execut arbitrari code via seri larg otr messag trigger heap-bas buffer overflow,,f,t,f
cve-2016-2942,2016-03-09,,0.0,ibm urbancod deploy could allow authent attack special permiss craft script server way caus process run remot ucd agent machin,,f,t,f
cve-2016-2894,2016-03-09,,0.0,ibm spectrum protect formerli tivoli storag manag 5.5 6.3 6.3.2.6 6.4 6.4.3.3 7.1 7.1.6 allow local user obtain sensit retriev data arbitrari account opportunist circumst leverag previou use symlink archiv retriev action,,f,t,f
cve-2016-3037,2016-03-09,,0.0,ibm cogno tm1 10.1 10.2 provid servic return victim 's password valid session key An authent attack user interact could obtain sensit inform ibm x-forc ID 114613,,f,t,f
cve-2016-3016,2016-03-09,,0.0,ibm secur access manag web process patch imag backup updat without suffici verifi origin integr code could allow authent attack load malici code,,f,t,f
cve-2016-2889,2016-03-09,,0.0,cross-sit request forgeri csrf vulner report builder data collect compon dcc ibm jazz report servic jr 5.x 5.0.2 ifix016 6.0 6.0.1 6.0.1 ifix005 6.0.2 ifix002 allow remot authent user hijack authent arbitrari user,,f,t,f
cve-2016-3013,2016-03-09,,0.0,ibm webspher MQ 8.0 could allow authent user crash MQ channel due improp data convers handl ibm refer 1998661,,f,t,f
cve-2016-2958,2016-03-09,,0.0,ibm connect 4.0 cr4 4.5 cr5 5.0 cr4 allow remot authent user obtain sensit inform read `` archaic '' e-mail address respons,,f,t,f
cve-2016-3100,2016-03-10,,0.0,kinit kde framework 5.23.0 use weak permiss 644 /tmp/xauth-xxx-_i allow local user obtain x11 cooki user consequ captur keystrok possibl gain privileg read file,,f,t,f
cve-2016-3102,2016-03-10,,0.0,the script secur plugin 1.18.1 jenkin might allow remot attack bypass groovi sandbox protect mechan via plugin perform 1 direct field access 2 get/set array oper,,f,t,f
cve-2016-3088,2016-03-10,2016-05-24,7.5,the fileserv web applic apach activemq 5.x 5.14.0 allow remot attack upload execut arbitrari file via http put follow http move request,thi vulner allow remot attack execut arbitrari code vulner instal apach activemq authent may may requir exploit vulner accord product configured.th specif flaw exist within fileserv web servic instal part product By issu http put request http move request attack creat arbitrari file server attack control data An attack leverag vulner execut code server context activemq process,f,t,t
cve-2016-3085,2016-03-10,,0.0,apach cloudstack 4.5.x 4.5.2.1 4.6.x 4.6.2.1 4.7.x 4.7.1.1 4.8.x 4.8.0.1 saml-bas authent enabl use allow remot attack bypass authent access user interfac via vector relat saml plugin,,f,t,f
cve-2016-3106,2016-03-10,,0.0,pulp 2.8.3 creat temporari directori CA key gener insecur manner,,f,t,f
cve-2016-3129,2016-03-11,,0.0,A remot shell execut vulner blackberri good enterpris mobil server gem implement apach karaf command shell gem version 2.1.5.3 2.2.22.25 allow remot attack obtain local administr right gem server via command execut karaf command shell,,f,t,f
cve-2016-3235,2016-03-15,,0.0,microsoft visio 2007 sp3 visio 2010 sp2 visio 2013 sp1 visio 2016 visio viewer 2007 sp3 visio viewer 2010 mishandl librari load allow local user gain privileg via craft applic aka `` microsoft offic ole dll side load vulner '',,f,t,f
cve-2016-3630,2016-03-21,,0.0,the binari delta decod mercuri 3.7.3 allow remot attack execut arbitrari code via 1 clone 2 push 3 pull command relat list size round error b short record,,f,t,f
cve-2016-3623,2016-03-21,,0.0,the rgb2ycbcr tool libtiff 4.0.6 earlier allow remot attack caus denial servic divide-by-zero set 1 v 2 h paramet 0,,f,t,f
cve-2016-3649,2016-03-23,,0.0,symantec endpoint protect manag sepm 12.1 ru6 mp5 allow remot authent administr enumer administr account via modifi get request,,f,t,f
cve-2016-3694,2016-03-30,,0.0,multipl sql inject vulner modifi ecommerc shopsoftwar 2.0.0 revis 9678 easybill-modul instal allow remot attack execut arbitrari sql command via 1 orders_statu 2 customers_statu paramet api/easybill/easybillcsv.php,,f,t,f
cve-2016-3711,2016-03-30,,0.0,haproxi red hat openshift enterpris 3.2 openshift origin allow local user obtain intern IP address pod read `` openshift_ namespac _serverid '' cooki,,f,t,f
cve-2016-3688,2016-03-30,,0.0,sql inject vulner dotcm 3.5 allow remot administr execut arbitrari sql command via c0-e3 paramet dwr/call/plaincall/userajax.getuserslist.dwr,,f,t,f
cve-2016-3718,2016-03-30,,0.0,the 1 http 2 ftp coder imagemagick 6.9.3-10 7.x 7.0.1-1 allow remot attack conduct server-sid request forgeri ssrf attack via craft imag,,f,t,f
cve-2016-3699,2016-03-30,,0.0,the linux kernel use red hat enterpris linux 7.2 red hat enterpris mrg 2 boot uefi secur boot enabl allow local user bypass intend secur boot restrict execut untrust code append acpi tabl initrd,,f,t,f
cve-2016-3886,2016-03-30,,0.0,systemui/statusbar/phone/quickstatusbarheader.java system UI tuner android 7.0 2016-09-01 prevent tuner chang lockscreen allow physic proxim attack gain privileg modifi set aka intern bug 30107438,,f,t,f
cve-2016-3943,2016-03-31,,0.0,panda endpoint administr agent 7.50.00 use panda secur busi product window use weak acl panda security/waag directori sub-directori allow local user gain system privileg modifi execut modul,,f,t,f
cve-2016-3947,2016-04-01,,0.0,heap-bas buffer overflow icmp6 :recv function icmp/icmp6.cc pinger util squid 3.5.16 4.x 4.0.8 allow remot server caus denial servic perform degrad transit failur write sensit inform log file via icmpv6 packet,,f,t,f
cve-2016-3963,2016-04-06,,0.0,siemen scalanc s613 allow remot attack caus denial servic web-serv outag via traffic tcp port 443,,f,t,f
cve-2016-3984,2016-04-08,,0.0,the mcafe virusscan consol mcconsol.ex mcafe activ respons mar 1.1.161 agent MA 5.x 5.0.2 hotfix 1110392 5.0.2.333 data exchang layer 2.x dxl 2.0.1.140.1 data loss prevent endpoint dlpe 9.3 patch 6 9.4 patch 1 hf3 devic control mdc 9.3 patch 6 9.4 patch 1 hf3 endpoint secur en 10.x 10.1 host intrus prevent servic ip 8.0 8.0.3624 virusscan enterpris vse 8.8 P7 8.8.0.1528 window allow local administr bypass intend self-protect rule disabl antiviru engin modifi registri key,,f,t,f
cve-2016-4071,2016-04-23,,0.0,format string vulner php_snmp_error function ext/snmp/snmp.c php 5.5.34 5.6.x 5.6.20 7.x 7.0.5 allow remot attack execut arbitrari code via format string specifi snmp :get call,,f,t,f
cve-2016-4329,2016-04-27,,0.0,A local denial servic vulner exist window broadcast messag handl function kasperski anti-viru softwar send certain unhandl window messag attack caus applic termin way bypass kav self-protect mechan,,f,t,f
cve-2016-4340,2016-04-27,,0.0,the imperson featur gitlab 8.7.0 8.6.0 8.6.7 8.5.0 8.5.11 8.4.0 8.4.9 8.3.0 8.3.8 8.2.0 8.2.4 allow remot authent user `` log '' user via unspecifi vector,,f,t,f
cve-2016-4338,2016-04-27,,0.0,the mysql user paramet configur script userparameter_mysql.conf agent zabbix 2.0.18 2.2.x 2.2.13 3.0.x 3.0.3 use shell bash allow context-depend attack execut arbitrari code sql command via mysql.siz paramet,,f,t,f
cve-2016-4312,2016-04-27,,0.0,xml extern entiti xxe vulner xacml flow featur wso2 ident server 5.1 wso2-carbon-patch-4.4.0-0231 allow remot authent user access xacml featur read arbitrari file caus denial servic conduct server-sid request forgeri ssrf attack unspecifi impact via craft xacml request entitlement/eval-policy-submit.jsp note issu combin cve-2016-4311 exploit vulner without credenti,,f,t,f
cve-2016-4384,2016-04-29,,0.0,hpe perform center 12.50 loadrunn 12.50 allow remot attack caus denial servic via unspecifi vector,,f,t,f
cve-2016-4372,2016-04-29,,0.0,hpe imc plat 7.2 e0403p04 imc ead 7.2 e0405p05 imc apm 7.2 e0401p04 imc nta 7.2 e0401p01 imc bim 7.2 e0402p02 imc uam_tam 7.2 e0405p05 allow remot attack execut arbitrari command via craft serial java object relat apach common collect acc librari,,f,t,f
cve-2016-4437,2016-05-02,,0.0,apach shiro 1.2.5 cipher key configur `` rememb '' featur allow remot attack execut arbitrari code bypass intend access restrict via unspecifi request paramet,,f,t,f
cve-2016-4469,2016-05-02,,0.0,multipl cross-sit request forgeri csrf vulner apach archiva 1.3.9 earlier allow remot attack hijack authent administr request 1 add new repositori proxi connector via token paramet admin/addproxyconnector_commit.act 2 new repositori via token paramet admin/addrepository_commit.act 3 edit exist repositori via token paramet admin/editrepository_commit.act 4 add legaci artifact path via token paramet admin/addlegacyartifactpath_commit.act 5 chang organiz appear via token paramet admin/saveappearance.act 6 upload new artifact via token paramet upload_submit.act,,f,t,f
cve-2016-4534,2016-05-05,,0.0,the mcafe virusscan consol mcconsol.ex mcafe virusscan enterpris 8.8.0 hotfix 1123565 8.8.0.1546 window allow local administr bypass intend self-protect rule unlock consol window close registri handl,,f,t,f
cve-2016-4504,2016-05-05,,0.0,A cross-sit request forgeri issu discov meteocontrol web'log basic 100 version light version pro version pro unlimit version there csrf token gener per page per function,,f,t,f
cve-2016-4507,2016-05-05,,0.0,sql inject vulner rexroth bosch bladecontrol-webvi 3.0.2 earlier allow remot authent user execut arbitrari sql command via unspecifi vector,,f,t,f
cve-2016-4498,2016-05-05,2016-05-11,4.4,panason fpwin pro 5.x 7.x 7.130 access uniniti pointer allow local user caus denial servic possibl unspecifi impact via unknown vector,thi vulner allow remot attack execut arbitrari code vulner instal panason fpwin pro user interact requir exploit vulner target must visit malici page open malici file.th specif flaw exist within process project file A specially-craft project file lead execut outsid normal path due uniniti pointer derefer An attack leverag vulner attain code execut context current process,f,t,t
cve-2016-4573,2016-05-10,,0.0,fortinet fortiswitch fsw-108d-poe fsw-124d fsw-124d-poe fsw-224d-poe fsw-224d-fpoe fsw-248d-poe fsw-248d-fpoe fsw-424d fsw-424d-poe fsw-424d-fpoe fsw-448d fsw-448d-poe fsw-448d-fpoe fsw-524d fsw-524d-fpoe fsw-548d fsw-548d-fpoe fsw-1024d fsw-1048d fsw-3032d fsw-r-112d-poe model fortilink manag mode upgrad 3.4.1 might allow remot attack bypass authent gain administr access via empti password rest_admin account,,f,t,f
cve-2016-4740,2016-05-11,,0.0,appl io 10 handoff messag use ensur messag signin occur display messag might allow attack obtain sensit inform via unspecifi vector,,f,t,f
cve-2016-4793,2016-05-12,,0.0,the clientip function cakephp 3.2.4 earlier allow remot attack spoof IP via client-ip http header,,f,t,f
cve-2015-8872,2016-05-14,,0.0,the set_fat function fat.c dosfstool 4.0 might allow attack corrupt fat12 filesystem caus denial servic invalid memori read crash write odd number cluster third last entri fat12 filesystem trigger `` off-by-two error '',,f,t,f
cve-2016-4807,2016-05-15,,0.0,web2pi version 2.14.5 affect reflect xss vulner allow attack perform xss attack log user admin,,f,t,f
cve-2016-4820,2016-05-17,,0.0,cross-sit request forgeri csrf vulner i-o data devic etx-r devic allow remot attack hijack authent arbitrari user,,f,t,f
cve-2016-5009,2016-05-24,,0.0,the handle_command function mon/monitor.cc ceph allow remot authent user caus denial servic segment fault ceph monitor crash via 1 empti 2 craft prefix,,f,t,f
cve-2016-5109,2016-05-28,,0.0,citrix worx home io 10.3.6 xenmobil mdx toolkit io 10.3.6 might allow physic proxim attack bypass in-appl appl touch ID authent via unspecifi vector relat applic requir re-authent,,f,t,f
cve-2016-5312,2016-06-06,,0.0,directori travers vulner chart compon symantec messag gateway 10.6.2 allow remot authent user read arbitrari file via .. dot dot sn paramet brightmail/servlet/com.ve.kavachart.servlet.chartstream,,f,t,f
cve-2016-5365,2016-06-09,,0.0,stack-bas buffer overflow huawei honor ws851 router softwar 1.1.21.1 earlier allow remot attack execut arbitrari command root privileg via unspecifi vector aka hwpsirt-2016-05051,,f,t,f
cve-2016-5425,2016-06-10,,0.0,the tomcat packag red hat enterpris linux rhel 7 fedora cento oracl linux possibl linux distribut use weak permiss /usr/lib/tmpfiles.d/tomcat.conf allow local user gain root privileg leverag membership tomcat group,,f,t,f
cve-2016-5678,2016-06-16,,0.0,nuuo nvrmini 2 1 3.0 nuuo nvrsolo 1 3.0 hardcod root credenti allow remot attack obtain administr access via unspecifi vector,,f,t,f
cve-2016-5676,2016-06-16,,0.0,cgi-bin/cgi_system nuuo nvrmini 2 1.7.5 2.x nuuo nvrsolo 1.7.5 2.x netgear readyna surveil 1.1.1 1.4.1 allow remot attack reset administr password via cmd=loaddefconfig action,,f,t,f
cve-2016-5677,2016-06-16,,0.0,nuuo nvrmini 2 1.7.5 3.0 nuuo nvrsolo 1 3.0 netgear readyna surveil 1.1.1 1.4.1 hardcod qwe23622260 password nuuoeng account allow remot attack obtain sensit inform via __nvr_status___.php request,,f,t,f
cve-2016-5654,2016-06-16,,0.0,misi fusioncapit opic plu allow remot authent user gain privileg via man-in-the-middl attack modifi xmlmessageout paramet,,f,t,f
cve-2016-5734,2016-06-21,,0.0,phpmyadmin 4.0.x 4.0.10.16 4.4.x 4.4.15.7 4.6.x 4.6.3 properli choos delimit prevent use preg_replac e aka eval modifi might allow remot attack execut arbitrari php code via craft string demonstr tabl search-and-replac implement,,f,t,f
cve-2016-5840,2016-06-23,2016-06-22,9.0,hotfix_upload.cgi trend micro deep discoveri inspector ddi 3.7 3.8 sp1 3.81 3.8 sp2 3.82 allow remot administr execut arbitrari code via shell metacharact filenam paramet content-disposit header,thi vulner allow remot attack execut arbitrari code vulner instal trend micro deep discoveri authent requir exploit vulnerability.th specif flaw exist within hotfix_upload.cgi the vulner caus lack input valid pass remot suppli string system call By send craft request vulner system remot attack exploit vulner execut arbitrari code context root,f,t,t
cve-2016-5750,2016-06-23,,0.0,the certif upload featur imanag netiq access manag 4.1 4.1.2 hot fix 1 4.2 4.2.2 could use upload jsp page would execut imanag user allow code execut logged-in remot user,,f,t,f
cve-2016-5787,2016-06-23,,0.0,gener electr GE digit profici hmi/scada cimplic 8.2 sim 27 mishandl servic dacl allow local user modifi servic configur via unspecifi vector,,f,t,f
cve-2016-5821,2016-06-23,,0.0,huawei hisuit 4.0.4.204_ove out china 4.0.4.301 china use weak acl file_write_data builtin\us hisuit servic directori allow local user gain system privileg via trojan hors 1 sspicli.dl 2 userenv.dl file possibl unspecifi dll file,,f,t,f
cve-2016-5799,2016-06-23,,0.0,moxa oncel g3100v2 devic 2.8 g3111 g3151 g3211 g3251 devic 1.7 properli restrict authent attempt make easier remot attack obtain access via brute-forc attack,,f,t,f
cve-2016-5764,2016-06-23,,0.0,micro focu rumba ftp 4.x client buffer overflow make possibl corrupt stack allow arbitrari code execut fix rumba ftp 4.5 HF 14668 thi occur client connect malici server,,f,t,f
cve-2016-5814,2016-06-23,2016-09-19,6.8,buffer overflow rockwel autom rslogix micro starter lite rslogix micro develop rslogix 500 starter edit rslogix 500 standard edit rslogix 500 profession edit allow remot attack execut arbitrari code via craft rss project file,thi vulner allow remot attack execut arbitrari code vulner instal rockwel autom rslogix micro starter lite user interact requir exploit vulner target must visit malici page open malici file.th specif flaw exist within pars rss project file the issu lie failur properli valid length user-suppli data prior copi fixed-length stack-bas buffer An attack leverag vulner execut arbitrari code context process,f,t,t
cve-2016-5847,2016-06-26,,0.0,sap sapcar allow local user chang permiss arbitrari file consequ gain privileg via hard link attack file extract archiv possibl relat sap secur note 2327384,,f,t,f
cve-2016-5856,2016-06-28,,0.0,drivers/soc/qcom/spcom.c qualcomm spcom driver android kernel 2017-03-05 allow local user gain privileg differ vulner cve-2016-5857,,f,t,f
cve-2016-6131,2016-06-30,,0.0,the demangl gnu libiberti allow remot attack caus denial servic infinit loop stack overflow crash via cycl refer rememb mangl type,,f,t,f
cve-2016-6174,2016-07-06,,0.0,applications/core/modules/front/system/content.php invis power servic ip commun suit aka invis power board ipb power board 4.1.13 use php 5.4.24 5.5.x 5.5.8 allow remot attack execut arbitrari code via content_class paramet,,f,t,f
cve-2016-6187,2016-07-09,,0.0,the apparmor_setprocattr function security/apparmor/lsm.c linux kernel 4.6.5 valid buffer size allow local user gain privileg trigger apparmor setprocattr hook,,f,t,f
cve-2016-6192,2016-07-11,,0.0,buffer overflow wi-fi driver huawei P8 smartphon softwar gra-cl00c92b363 allow attack caus denial servic system crash gain privileg via craft applic differ vulner cve-2016-6193,,f,t,f
cve-2016-6210,2016-07-13,,0.0,sshd openssh 7.3 sha256 sha512 use user password hash use blowfish hash static password usernam exist allow remot attack enumer user leverag time differ respons larg password provid,,f,t,f
cve-2016-6255,2016-07-20,,0.0,portabl upnp sdk aka libupnp 1.6.21 allow remot attack write arbitrari file webroot via post request without regist handler,,f,t,f
cve-2016-1000124,2016-07-20,,0.0,unauthent sql inject huge-it portfolio galleri plugin v1.0.6,,f,t,f
cve-2016-1000137,2016-07-20,,0.0,reflect xss wordpress plugin hero-maps-pro v2.1,,f,t,f
cve-2016-6264,2016-07-21,,0.0,integ signed error libc/string/arm/memset. uclibc uclibc-ng 1.16 allow context-depend attack caus denial servic crash via neg length valu memset function,,f,t,f
cve-2016-6277,2016-07-22,,0.0,netgear r6250 1.4.6.beta r6400 1.1.18.beta r6700 1.1.14.beta r6900 r7000 1.7.6.beta r7100lg 1.28.beta r7300dst 1.46.beta r7900 1.1.8.beta r8000 1.3.26.beta d6220 d6400 d7000 possibl router allow remot attack execut arbitrari command via shell metacharact path info cgi-bin/,,f,t,f
cve-2016-6434,2016-07-26,,0.0,cisco firepow manag center 6.0.1 hardcod databas credenti allow local user obtain sensit inform leverag cli access aka bug ID cscva30370,,f,t,f
cve-2016-6349,2016-07-26,,0.0,the machinectl command oci-register-machin allow local user list run contain possibl obtain sensit inform run command,,f,t,f
cve-2016-6309,2016-07-26,,0.0,statem/statem.c openssl 1.1.0a consid memory-block movement realloc call allow remot attack caus denial servic use-after-fre possibl execut arbitrari code via craft tl session,,f,t,f
cve-2016-6367,2016-07-26,,0.0,cisco adapt secur applianc asa softwar 8.4 1 asa 5500 asa 5500-x pix fwsm devic allow local user gain privileg via invalid cli command aka bug ID csctu74257 epicbanana,,f,t,f
cve-2016-6366,2016-07-26,,0.0,buffer overflow cisco adapt secur applianc asa softwar 9.4.2.3 asa 5500 asa 5500-x asa servic modul asa 1000v asav firepow 9300 asa secur modul pix fwsm devic allow remot authent user execut arbitrari code via craft ipv4 snmp packet aka bug ID cscva92151 extrabacon,,f,t,f
cve-2016-6415,2016-07-26,,0.0,the server ikev1 implement cisco io 12.2 12.4 15.0 15.6 io XE 3.18 io XR 4.3.x 5.0.x 5.2.x pix 7.0 allow remot attack obtain sensit inform devic memori via secur associ SA negoti request aka bug id cscvb29204 cscvb36055 benigncertain,,f,t,f
cve-2016-6483,2016-07-27,,0.0,the media-fil upload featur vbulletin 3.8.7 patch level 6 3.8.8 patch level 2 3.8.9 patch level 1 4.x 4.2.2 patch level 6 4.2.3 patch level 2 5.x 5.2.0 patch level 3 5.2.1 patch level 1 5.2.2 patch level 1 allow remot attack conduct ssrf attack via craft url result redirect http statu code,,f,t,f
cve-2016-6515,2016-08-01,,0.0,the auth_password function auth-passwd.c sshd openssh 7.3 limit password length password authent allow remot attack caus denial servic crypt cpu consumpt via long string,,f,t,f
cve-2016-6580,2016-08-03,,0.0,A http/2 implement built use version python prioriti librari prior version 1.2.0 could target malici peer peer assign prioriti inform everi possibl http/2 stream ID the prioriti tree would happili continu store prioriti inform stream would therefor alloc unbound amount memori attempt actual use tree like would also caus extrem high cpu usag maintain tree,,f,t,f
cve-2016-6603,2016-08-04,,0.0,zoho webnm framework 5.2 5.2 sp1 allow remot attack bypass authent imperson arbitrari user via usernam http header,,f,t,f
cve-2016-6602,2016-08-04,,0.0,zoho webnm framework 5.2 5.2 sp1 use weak obfusc algorithm store password allow context-depend attack obtain cleartext password leverag access web-inf/conf/securitydbdata.xml note issu combin cve-2016-6601 remot exploit,,f,t,f
cve-2016-6664,2016-08-10,,0.0,mysqld_saf oracl mysql 5.5.51 5.6.x 5.6.32 5.7.x 5.7.14 mariadb percona server 5.5.51-38.2 5.6.x 5.6.32-78-1 5.7.x 5.7.14-8 percona xtradb cluster 5.5.41-37.0 5.6.x 5.6.32-25.17 5.7.x 5.7.14-26.17 use file-bas log allow local user access mysql account gain root privileg via symlink attack error log possibl file,,f,t,f
cve-2016-6663,2016-08-10,,0.0,race condit oracl mysql 5.5.52 5.6.x 5.6.33 5.7.x 5.7.15 8.x 8.0.1 mariadb 5.5.52 10.0.x 10.0.28 10.1.x 10.1.18 percona server 5.5.51-38.2 5.6.x 5.6.32-78-1 5.7.x 5.7.14-8 percona xtradb cluster 5.5.41-37.0 5.6.x 5.6.32-25.17 5.7.x 5.7.14-26.17 allow local user certain permiss gain privileg leverag use my_copystat repair tabl repair myisam tabl,,f,t,f
cve-2016-6662,2016-08-10,,0.0,oracl mysql 5.5.52 5.6.x 5.6.33 5.7.x 5.7.15 mariadb 5.5.51 10.0.x 10.0.27 10.1.x 10.1.17 percona server 5.5.51-38.1 5.6.x 5.6.32-78.0 5.7.x 5.7.14-7 allow local user creat arbitrari configur bypass certain protect mechan set general_log_fil my.cnf configur note leverag execut arbitrari code root privileg set malloc_lib note affect mysql version inform oracl 's octob 2016 cpu oracl comment third-parti claim issu silent patch mysql 5.5.52 5.6.33 5.7.15,,f,t,f
cve-2016-6816,2016-08-12,,0.0,the code apach tomcat 9.0.m1 9.0.m11 8.5.0 8.5.6 8.0.rc1 8.0.38 7.0 7.0.72 6.0 6.0.47 pars http request line permit invalid charact thi could exploit conjunct proxi also permit invalid charact differ interpret inject data http respons By manipul http respons attack could poison web-cach perform xss attack and/or obtain sensit inform request,,f,t,f
cve-2016-6909,2016-08-22,,0.0,buffer overflow cooki parser fortinet fortio 4.x 4.1.11 4.2.x 4.2.13 4.3.x 4.3.9 fortiswitch 3.4.3 allow remot attack execut arbitrari code via craft http request aka egregiousblund,,f,t,f
cve-2016-7089,2016-08-24,,0.0,watchguard rapidstream applianc allow local user gain privileg execut arbitrari command via craft ifconfig command aka escalateplowman,,f,t,f
cve-2016-7454,2016-09-09,,0.0,csrf vulner technicolor TC dpc3941t formerli cisco dpc3941t devic firmwar dpc3941-p20-18-v303r20421733-160413a-cmcst allow attack chang wi-fi password open remot manag interfac reset router,,f,t,f
cve-2016-8023,2016-09-09,,0.0,authent bypass assumed-immut data vulner intel secur virusscan enterpris linux vsel 2.0.3 earlier allow remot unauthent attack bypass server authent via craft authent cooki,,f,t,f
cve-2016-8024,2016-09-09,,0.0,improp neutral crlf sequenc http header vulner intel secur virusscan enterpris linux vsel 2.0.3 earlier allow remot unauthent attack obtain sensit inform via server http respons spoof,,f,t,f
cve-2016-8022,2016-09-09,,0.0,authent bypass spoof vulner intel secur virusscan enterpris linux vsel 2.0.3 earlier allow remot unauthent attack execut arbitrari code caus denial servic via craft authent cooki,,f,t,f
cve-2016-7567,2016-09-09,,0.0,buffer overflow slpfoldwhitespac function common/slp_compare.c openslp 2.0 allow remot attack unspecifi impact via craft string,,f,t,f
cve-2016-7786,2016-09-09,,0.0,sopho cyberoam utm cr25ing 10.6.3 mr-5 allow remot authent user bypass intend access restrict via direct object refer demonstr request licenseinformation.jsp thi fix 10.6.5,,f,t,f
cve-2016-8740,2016-10-18,,0.0,the mod_http2 modul apach http server 2.4.17 2.4.23 protocol configur includ h2 h2c restrict request-head length allow remot attack caus denial servic memori consumpt via craft continu frame http/2 request,,f,t,f
cve-2016-8855,2016-10-18,,0.0,cross-sit script xss `` /sitecore/client/applications/list manager/taskpages/contact list '' sitecor experi platform 8.1 rev 160519 8.1 update-3 allow remot attack via name descript paramet thi fix 8.2 update-2,,f,t,f
cve-2016-9111,2016-10-28,,0.0,incorrect access control mechan citrix receiv desktop lock 4.5 allow attack bypass authent requir leverag physic access vdi temporari disconnect lan cabl note 20161208 vendor could reproduc issu state `` research unabl provid us inform would allow us confirm behaviour despit extens investig test deploy support product unabl reproduc behaviour describ the research also despit addit request inform ceas respond us '',,f,t,f
cve-2016-9091,2016-10-28,,0.0,blue coat advanc secur gateway asg 6.6 6.6.5.4 content analysi system ca 1.3 1.3.7.4 suscept OS command inject vulner An authent malici administr execut arbitrari OS command elev system privileg,,f,t,f
cve-2016-9244,2016-11-09,,0.0,A big-ip virtual server configur client ssl profil non-default session ticket option enabl may leak 31 byte uniniti memori A remot attack may exploit vulner obtain secur socket layer ssl session id session It possibl data uniniti memori may return well,,f,t,f
cve-2016-9299,2016-11-14,,0.0,the remot modul jenkin 2.32 lt 2.19.3 allow remot attack execut arbitrari code via craft serial java object trigger ldap queri third-parti server,,f,t,f
cve-2016-9351,2016-11-16,2016-12-13,8.5,An issu discov advantech suisaccess server version 3.0 prior the directori traversal/fil upload error allow attack upload unpack zip file,thi vulner allow remot attack execut arbitrari code vulner instal advantech susiaccess server authent requir exploit vulner the specif flaw exist within process upgrademgmt servlet upload function the issu lie failur properli valid user-suppli path prior use file oper An attack leverag vulner execut arbitrari code context system,f,t,t
cve-2016-9332,2016-11-16,,0.0,An issu discov moxa softcm version prior version 1.6 moxa softcm webserv properli valid input An attack could provid unexpect valu caus program crash excess consumpt resourc could result denial-of-servic condit,,f,t,f
cve-2016-9949,2016-12-14,,0.0,An issu discov apport 2.20.4 In apport/ui.pi apport read crashdb field evalu field python code begin `` `` thi allow remot attack execut arbitrari python code,,f,t,f
cve-2016-9950,2016-12-14,,0.0,An issu discov apport 2.20.4 there path travers issu apport crash file `` packag '' `` sourcepackag '' field these field use build path packag specif hook file /usr/share/apport/package-hooks/ directori An attack exploit path travers execut arbitrari python file local system,,f,t,f
cve-2016-9951,2016-12-14,,0.0,An issu discov apport 2.20.4 A malici apport crash file contain restart command respawncommand proccmdlin field thi command execut user click relaunch button apport prompt malici crash file the fix show relaunch button apport crash file gener local system the relaunch button hidden crash file open directli apport-gtk,,f,t,f
cve-2016-10034,2016-12-23,,0.0,the setfrom function sendmail adapt zend-mail compon 2.4.11 2.5.x 2.6.x 2.7.x 2.7.2 zend framework 2.4.11 might allow remot attack pass extra paramet mail command consequ execut arbitrari code via '' backslash doubl quot craft e-mail address,,f,t,f
cve-2016-10079,2016-12-29,,0.0,saplpd 7400.3.11.33 sap gui 7.40 window denial servic vulner servic crash long string tcp port 515,,f,t,f
cve-2016-10156,2017-01-22,,0.0,A flaw systemd v228 /src/basic/fs-util.c caus world writabl suid file creat use systemd timer featur allow local attack escal privileg root thi fix v229,,f,t,f
cve-2016-10174,2017-01-29,,0.0,the netgear wnr2000v5 router contain buffer overflow hidden_lang_avi paramet invok url /apply.cgi /lang_check.html thi buffer overflow exploit unauthent attack achiev remot code execut,,f,t,f
cve-2016-10175,2017-01-29,,0.0,the netgear wnr2000v5 router leak serial number perform request /brs_netgear_success.html uri thi serial number allow user obtain administr usernam password use combin cve-2016-10176 vulner allow reset answer password-recoveri question,,f,t,f
